--
-- Script was generated by Devart dbForge Data Generator for MySQL, Version 2.2.33.0
-- Product Home Page: http://www.devart.com/dbforge/mysql/data-generator
-- Script date 02/02/2020 18:26:40
-- Target server version: 8.0.17
-- Target connection string: User Id=root;Host=localhost;Database=flight;Character Set=utf8
--



SET NAMES 'utf8';
USE flight;
--
-- Delete data from the table 'tickets'
--
TRUNCATE TABLE tickets;
--
-- Delete data from the table 'users'
--
DELETE FROM users;
--
-- Delete data from the table 'promotions'
--
TRUNCATE TABLE promotions;
--
-- Delete data from the table 'flights'
--
DELETE FROM flights;
--
-- Delete data from the table 'fidelity_card'
--
DELETE FROM fidelity_card;

--
-- Inserting data into table fidelity_card
--
INSERT INTO fidelity_card(card_number, last_purchase_date, points) VALUES
(5553325242948090, '1971-03-09', 432),
(4844029508634350, '2018-03-04', 926),
(30222044191520, '1971-08-18', 815),
(6280874217787445, '2004-05-27', 190),
(5472617632079249, '1970-09-29', 1504);

--
-- Inserting data into table flights
--
INSERT INTO flights(id, departure_day, departure_hour, departure_location, in_promo, landing_hour, landing_location, price, seats_left, seats_number) VALUES
(1, '2020-02-04', '00:00:04', 'Manchester', False, '02:38:30', 'York', 969, 3, 237),
  (2, '2020-03-24', '12:06:43', 'London', False, '20:17:57', 'Manchester', 601, 113, 97),
  (3, '2020-02-08', '00:00:08', 'York', False, '01:19:23', 'Birmingham', 754, 7, 63),
  (4, '2020-02-07', '12:23:23', 'Birmingham', False, '03:08:04', 'York', 1176, 7, 269),
  (5, '2020-03-13', '08:52:48', 'Nottingham', False, '15:26:32', 'Manchester', 1480, 222, 173),
  (6, '2020-03-19', '07:19:37', 'Portsmouth', False, '12:36:59', 'London', 962, 48, 204),
  (7, '2020-03-07', '12:49:25', 'Manchester', False, '13:31:55', 'York', 954, 216, 99),
  (8, '2020-03-27', '18:59:12', 'London', False, '21:30:50', 'Portsmouth', 1075, 296, 189),
  (9, '2020-03-15', '10:02:56', 'York', False, '17:37:01', 'London', 1152, 224, 277),
  (10, '2020-02-01', '18:08:10', 'Birmingham', False, '05:44:46', 'Birmingham', 421, 181, 105),
  (11, '2020-03-26', '00:10:39', 'Nottingham', False, '00:00:07', 'Portsmouth', 399, 235, 70),
  (12, '2020-02-06', '00:56:40', 'Portsmouth', False, '13:36:09', 'YorkYork', 491, 5, 202),
  (13, '2020-02-05', '05:09:10', 'Manchester', False, '20:00:27', 'Nottingham', 920, 4, 292),
  (14, '2020-02-23', '00:01:06', 'London', False, '11:50:54', 'Birmingham', 879, 83, 117),
  (15, '2020-03-06', '00:06:55', 'York', False, '00:38:06', 'London', 681, 275, 103),
  (16, '2020-02-13', '04:05:26', 'Birmingham', False, '18:43:16', 'Manchester', 827, 73, 207),
  (17, '2020-02-24', '00:00:25', 'Nottingham', False, '04:51:43', 'London', 825, 264, 233),
  (18, '2020-03-16', '01:00:28', 'Portsmouth', False, '01:00:32', 'York', 772, 45, 188),
  (19, '2020-02-10', '07:22:18', 'Manchester', False, '12:18:46', 'Birmingham', 301, 70, 117),
  (20, '2020-02-24', '00:57:34', 'London', False, '21:45:22', 'Portsmouth', 1129, 23, 174),
  (21, '2020-03-02', '02:09:09', 'York', False, '04:16:30', 'Nottingham', 1578, 211, 126),
  (22, '2020-03-26', '04:16:06', 'Birmingham', False, '22:55:34', 'York', 1220, 175, 110),
  (23, '2020-02-25', '02:25:46', 'Nottingham', False, '14:37:17', 'Brighton', 1421, 265, 250),
  (24, '2020-03-28', '13:39:43', 'Portsmouth', False, '00:14:28', 'Birmingham', 205, 117, 264),
  (25, '2020-03-09', '00:00:10', 'Manchester', False, '00:00:07', 'London', 1295, 158, 130),
  (26, '2020-02-01', '06:30:19', 'London', False, '08:07:29', 'Nottingham', 960, 181, 189),
  (27, '2020-02-04', '17:18:42', 'York', False, '19:37:36', 'London', 244, 184, 70),
  (28, '2020-02-15', '00:36:23', 'Birmingham', False, '15:30:07', 'Portsmouth', 1558, 195, 249),
  (29, '2020-02-20', '13:06:08', 'Nottingham', False, '12:38:15', 'York', 1300, 20, 98),
  (30, '2020-03-24', '03:56:29', 'Portsmouth', False, '00:00:12', 'Manchester', 1787, 293, 178),
  (31, '2020-02-10', '00:00:04', 'Manchester', False, '06:35:13', 'London', 372, 9, 284),
  (32, '2020-02-13', '21:20:03', 'London', False, '05:18:21', 'York', 835, 253, 241),
  (33, '2020-02-02', '00:16:31', 'York', False, '05:26:25', 'Birmingham', 943, 1, 147),
  (34, '2020-02-19', '09:54:30', 'Birmingham', False, '12:20:10', 'Nottingham', 1954, 199, 120),
  (35, '2020-02-16', '03:05:41', 'Nottingham', False, '00:21:09', 'York', 1255, 76, 199),
  (36, '2020-03-10', '00:30:23', 'Portsmouth', False, '00:14:57', 'Northampton', 550, 99, 274),
  (37, '2020-02-05', '08:06:22', 'Manchester', False, '21:17:36', 'London', 1501, 245, 213),
  (38, '2020-03-24', '13:33:13', 'London', False, '09:21:41', 'York', 118, 233, 85),
  (39, '2020-03-08', '00:10:02', 'York', False, '03:02:22', 'Birmingham', 521, 37, 289),
  (40, '2020-02-06', '01:59:55', 'Birmingham', False, '21:48:08', 'London', 484, 89, 164),
  (41, '2020-02-04', '04:38:07', 'Nottingham', False, '17:37:30', 'London', 680, 166, 123),
  (42, '2020-03-05', '00:00:38', 'Portsmouth', False, '00:01:02', 'York', 189, 218, 258),
  (43, '2020-02-21', '00:00:13', 'Manchester', False, '15:43:28', 'Nottingham', 1186, 269, 135),
  (44, '2020-03-25', '01:56:22', 'London', False, '01:08:03', 'Nottingham', 1295, 35, 191),
  (45, '2020-02-08', '21:35:46', 'York', False, '15:25:51', 'London', 332, 79, 68),
  (46, '2020-03-02', '22:11:58', 'Birmingham', False, '07:40:34', 'York', 147, 56, 202),
  (47, '2020-03-21', '00:05:07', 'Nottingham', False, '09:15:33', 'Birmingham', 1408, 290, 79),
  (48, '2020-03-06', '04:53:08', 'Portsmouth', False, '08:28:56', 'London', 830, 215, 95),
  (49, '2020-02-17', '00:07:20', 'Preston', False, '05:10:38', 'London', 945, 17, 53),
  (50, '2020-02-18', '13:49:26', 'Manchester', False, '12:16:01', 'Portsmouth', 1916, 17, 230);

--
-- Inserting data into table promotions
--
INSERT INTO promotions(id, discount_percentage, end, flight, premium, start) VALUES
  (1, 40, '2020-03-01 07:29:51.005', 1, True, '2020-02-25 13:09:04.461'),
(2, 67, '2020-03-29 09:41:21.43', 2, False, '2020-02-01 02:24:08.106'),
(3, 89, '2020-03-20 19:12:27.219', 3, False, '2020-02-18 18:24:23.007'),
(4, 36, '2020-03-21 19:10:25.303', 4, True, '2020-02-20 04:34:29.942'),
(5, 6, '2020-03-13 16:11:15.532', 5, True, '2020-02-07 03:59:13.512'),
(6, 5, '2020-03-04 08:04:16.194', 6, False, '2020-02-01 13:26:41.009'),
(7, 61, '2020-03-07 08:41:00.586', 7, False, '2020-02-06 23:39:55.865'),
(8, 33, '2020-03-12 12:03:49.689', 8, False, '2020-02-07 19:41:22.009'),
(9, 20, '2020-03-09 22:23:35.534', 9, True, '2020-02-06 05:35:33.064'),
(10, 39, '2020-03-06 13:25:50.658', 10, False, '2020-02-15 08:27:52.668'),
(11, 68, '2020-03-16 00:27:28.746', 11, True, '2020-02-18 10:02:27.02'),
(12, 32, '2020-03-16 08:39:52.443', 12, True, '2020-02-21 14:53:59.078'),
(13, 65, '2020-03-07 16:44:25.008', 13, False, '2020-02-01 00:39:56.964'),
(14, 41, '2020-03-03 20:55:20.693', 14, False, '2020-02-08 07:14:32.737'),
(15, 61, '2020-03-25 22:53:30.526', 15, False, '2020-02-12 16:58:29.016'),
(16, 35, '2020-03-26 06:18:02.007', 16, False, '2020-02-24 23:41:42.272'),
(17, 17, '2020-03-07 10:22:27.2', 17, False, '2020-02-12 22:59:10.524'),
(18, 80, '2020-03-12 14:28:39.548', 18, True, '2020-02-29 08:01:00.452'),
(19, 30, '2020-03-11 15:02:26.099', 19, True, '2020-02-15 13:47:42.081'),
(20, 87, '2020-03-20 08:10:36.781', 20, False, '2020-02-16 13:18:19.664'),
(21, 76, '2020-03-31 09:24:50.52', 21, True, '2020-02-19 20:25:18.452'),
(22, 75, '2020-03-13 01:48:23.951', 22, False, '2020-02-08 16:16:30.516'),
(23, 20, '2020-03-06 05:30:46.494', 23, True, '2020-02-28 14:48:17.521'),
(24, 68, '2020-03-27 13:06:00.041', 24, True, '2020-02-09 13:17:11.814'),
(25, 14, '2020-03-02 02:32:56.029', 25, True, '2020-02-03 19:21:47.862'),
(26, 90, '2020-03-25 23:28:06.004', null, True, '2020-02-23 03:29:36.358'),
(27, 35, '2020-03-04 06:13:48.336', null, False, '2020-02-01 18:38:29.501'),
(28, 7, '2020-03-23 12:37:53.074', null, True, '2020-02-12 20:25:05.967'),
(29, 71, '2020-03-20 22:28:39.408', null, False, '2020-02-12 19:31:50.02'),
(30, 65, '2020-03-11 20:35:12.558', null, True, '2020-02-21 10:31:12.014'),
(31, 60, '2020-03-22 20:17:41.954', null, False, '2020-02-14 09:22:11.632'),
(32, 90, '2020-03-23 15:07:56.588', null, True, '2020-02-25 08:10:45.033'),
(33, 65, '2020-03-15 11:01:34.115', null, False, '2020-02-08 20:21:45.598'),
(34, 61, '2020-03-03 10:22:42.513', null, True, '2020-02-04 14:14:40.854'),
(35, 18, '2020-03-18 18:18:54.504', null, True, '2020-02-23 23:54:01.441'),
(36, 59, '2020-03-11 05:42:22.349', null, False, '2020-02-15 09:33:32.519'),
(37, 49, '2020-03-13 14:10:45.256', null, True, '2020-02-11 04:01:16'),
(38, 50, '2020-03-23 11:32:35.668', null, True, '2020-02-06 16:06:20.204'),
(39, 34, '2020-03-12 01:57:17.395', null, True, '2020-02-17 06:42:38.408'),
(40, 64, '2020-03-01 11:55:08.207', null, False, '2020-02-18 00:49:20.714'),
(41, 58, '2020-03-09 19:00:23.588', null, True, '2020-02-17 22:44:48.551'),
(42, 36, '2020-03-21 03:24:45.775', null, True, '2020-02-09 17:27:41.441'),
(43, 71, '2020-03-25 20:00:34.705', null, True, '2020-02-19 11:15:21.264'),
(44, 43, '2020-03-13 03:13:41.149', null, False, '2020-02-24 17:38:02.974'),
(45, 62, '2020-03-25 07:54:59.008', null, True, '2020-02-28 19:13:24.83'),
(46, 90, '2020-03-23 17:58:30.835', null, False, '2020-02-14 17:56:50.223'),
(47, 15, '2020-03-29 19:40:43.134', null, True, '2020-02-13 00:45:55.902'),
(48, 24, '2020-03-15 10:47:38.418', null, False, '2020-02-07 23:20:39.557'),
(49, 5, '2020-03-20 21:36:16.374', null, True, '2020-02-07 01:54:21.011'),
(50, 29, '2020-03-23 08:46:23.453', null, True, '2020-02-25 18:56:09.034');

--
-- Inserting data into table users
--
INSERT INTO users(id, address, date_creation, date_deletion, email, name, password, surname, fidelity_card_card_number) VALUES
(1, 'Sandtnerstraße 73b, 77543, Straußfurt', '2007-03-27 22:27:19.363', null , 'rmfz953@example.com', 'Tomas2029', 'MTBs/GvZQ7bDjrVtxjI5Ow==', 'chneider', 30222044191520),
(2, 'Arndtstraße 5b, 82131, Reinhardswinden', '2009-07-01 14:47:05.474', null, 'StuartZ.Kinder@nowhere.com', 'Beulah65', 'KkrJdh7yViQgYSjkr7lwKw==', 'Dannenberg', null),
(3, 'Schraudolphstraße 8d, 18781, Aach', '2010-08-26 07:19:50.701', null, 'Acker@example.com', 'Norbert2018', 'VYqNV085u3gKZr8zUaCEww==', 'Totleben', null),
(4, 'Fuggerstraße 6, 03074, Niedernberg', '1973-10-18 04:18:46.033', null, 'Asbury@example.com', 'Elton1957', 'alJwDJ02Qqhg8fp4NliqAA==', 'Baade', 30222044191520),
(5, 'Ländstraße 4, 25331, Abenberg', '1999-10-02 22:32:32.333', null, 'nlwccgg0@nowhere.com', 'Daniela1984', 'TFQka5txrdBMhVrwerDBgQ==', 'Hofer', 4844029508634350);

--
-- Inserting data into table tickets
--
INSERT INTO tickets(id, reserved, buyer_id, flight_id) VALUES
(1, False, 2, 46),
(2, False, 1, 44),
(3, False, 2, 26),
(4, False, 2, 33),
(5, False, 4, 28),
(6, False, 5, 5),
(7, False, 1, 23),
(8, False, 3, 35),
(9, False, 2, 46),
(10, False, 1, 32),
(11, False, 3, 39),
(12, False, 1, 13),
(13, False, 3, 8),
(14, False, 5, 28),
(15, False, 3, 7),
(16, False, 2, 23),
(17, False, 3, 47),
(18, False, 3, 26),
(19, False, 2, 32),
(20, False, 5, 38),
(21, False, 1, 49),
(22, False, 1, 28),
(23, False, 3, 37),
(24, False, 2, 13),
(25, False, 4, 32),
(26, False, 2, 25),
(27, False, 4, 49),
(28, False, 5, 6),
(29, False, 2, 4),
(30, False, 1, 6),
(31, False, 2, 20),
(32, False, 4, 1),
(33, False, 2, 44),
(34, False, 4, 12),
(35, False, 2, 4),
(36, False, 4, 37),
(37, False, 4, 45),
(38, False, 5, 4),
(39, False, 1, 31),
(40, False, 4, 20),
(41, False, 5, 44),
(42, False, 4, 1),
(43, False, 4, 27),
(44, False, 5, 40),
(45, False, 3, 37),
(46, False, 5, 31),
(47, False, 2, 25),
(48, False, 2, 14),
(49, False, 3, 36),
(50, False, 5, 12);